SiteID,SiteName,Location,Date,Year,Month,Quarter,CostCategory,TonnesProduced,OreGrade,CostPerTonne_Actual,CostPerTonne_Budget,TotalCost_Actual,TotalCost_Budget,CostVariance,VariancePercent
SiteA,Site A,"Pilbara, WA",2024-01-01,2024,1,1,Mining,91129.71,2.72,75.48,68.27,6878882.42,5802809.84,1076072.57,18.54
SiteA,Site A,"Pilbara, WA",2024-01-01,2024,1,1,Processing,91129.71,2.72,90.19,83.83,8218974.63,7125582.42,1093392.21,15.34
SiteA,Site A,"Pilbara, WA",2024-01-01,2024,1,1,G&A,91129.71,2.72,18.41,18.26,1677615.8,1552409.98,125205.82,8.07
SiteA,Site A,"Pilbara, WA",2024-01-01,2024,1,1,Sustaining CapEx,91129.71,2.72,15.3,14.12,1394600.22,1199904.25,194695.97,16.23
SiteA,Site A,"Pilbara, WA",2024-01-31,2024,1,1,Mining,91390.77,2.48,76.37,67.22,6979490.61,5713492.8,1265997.81,22.16
SiteA,Site A,"Pilbara, WA",2024-01-31,2024,1,1,Processing,91390.77,2.48,97.37,83.92,8898303.54,7133503.9,1764799.64,24.74
SiteA,Site A,"Pilbara, WA",2024-01-31,2024,1,1,G&A,91390.77,2.48,18.98,18.02,1734901.8,1531515.09,203386.7,13.28
SiteA,Site A,"Pilbara, WA",2024-01-31,2024,1,1,Sustaining CapEx,91390.77,2.48,15.0,13.88,1370543.67,1180062.51,190481.16,16.14
SiteA,Site A,"Pilbara, WA",2024-03-01,2024,3,1,Mining,80097.12,2.88,71.61,67.64,5735611.33,5749102.86,-13491.53,-0.23
SiteA,Site A,"Pilbara, WA",2024-03-01,2024,3,1,Processing,80097.12,2.88,89.4,85.97,7160778.97,7307415.85,-146636.88,-2.01
SiteA,Site A,"Pilbara, WA",2024-03-01,2024,3,1,G&A,80097.12,2.88,18.74,18.01,1500971.82,1530871.15,-29899.32,-1.95
SiteA,Site A,"Pilbara, WA",2024-03-01,2024,3,1,Sustaining CapEx,80097.12,2.88,15.29,13.75,1224498.85,1168411.04,56087.81,4.8
SiteA,Site A,"Pilbara, WA",2024-03-31,2024,3,1,Mining,80519.13,2.87,69.61,69.22,5604685.82,5883782.34,-279096.51,-4.74
SiteA,Site A,"Pilbara, WA",2024-03-31,2024,3,1,Processing,80519.13,2.87,94.97,86.05,7647170.92,7314126.83,333044.09,4.55
SiteA,Site A,"Pilbara, WA",2024-03-31,2024,3,1,G&A,80519.13,2.87,18.98,17.71,1528591.47,1505377.53,23213.94,1.54
SiteA,Site A,"Pilbara, WA",2024-03-31,2024,3,1,Sustaining CapEx,80519.13,2.87,15.45,13.97,1244364.54,1187151.26,57213.28,4.82
SiteA,Site A,"Pilbara, WA",2024-04-30,2024,4,2,Mining,84934.41,2.55,64.2,69.11,5452840.7,5874634.88,-421794.17,-7.18
SiteA,Site A,"Pilbara, WA",2024-04-30,2024,4,2,Processing,84934.41,2.55,89.06,85.55,7564568.57,7271968.94,292599.63,4.02
SiteA,Site A,"Pilbara, WA",2024-04-30,2024,4,2,G&A,84934.41,2.55,17.59,18.01,1494276.14,1531228.16,-36952.02,-2.41
SiteA,Site A,"Pilbara, WA",2024-04-30,2024,4,2,Sustaining CapEx,84934.41,2.55,14.08,13.82,1195746.76,1174999.07,20747.69,1.77
SiteA,Site A,"Pilbara, WA",2024-05-30,2024,5,2,Mining,88741.81,3.12,71.59,69.07,6352698.58,5871284.08,481414.5,8.2
SiteA,Site A,"Pilbara, WA",2024-05-30,2024,5,2,Processing,88741.81,3.12,78.96,86.43,7006755.72,7346921.65,-340165.94,-4.63
SiteA,Site A,"Pilbara, WA",2024-05-30,2024,5,2,G&A,88741.81,3.12,17.11,17.78,1518473.81,1511394.15,7079.66,0.47
SiteA,Site A,"Pilbara, WA",2024-05-30,2024,5,2,Sustaining CapEx,88741.81,3.12,13.24,13.9,1174584.94,1181685.72,-7100.79,-0.6
SiteA,Site A,"Pilbara, WA",2024-06-29,2024,6,2,Mining,81890.35,2.73,70.68,67.61,5788214.28,5746881.37,41332.91,0.72
SiteA,Site A,"Pilbara, WA",2024-06-29,2024,6,2,Processing,81890.35,2.73,84.58,85.15,6926136.91,7237339.17,-311202.26,-4.3
SiteA,Site A,"Pilbara, WA",2024-06-29,2024,6,2,G&A,81890.35,2.73,17.22,18.22,1410511.79,1548494.46,-137982.67,-8.91
SiteA,Site A,"Pilbara, WA",2024-06-29,2024,6,2,Sustaining CapEx,81890.35,2.73,13.29,14.27,1087933.33,1213175.82,-125242.49,-10.32
SiteA,Site A,"Pilbara, WA",2024-07-29,2024,7,3,Mining,80902.53,2.98,63.97,68.86,5174935.43,5852934.68,-677999.25,-11.58
SiteA,Site A,"Pilbara, WA",2024-07-29,2024,7,3,Processing,80902.53,2.98,82.81,85.78,6699458.21,7291183.07,-591724.86,-8.12
SiteA,Site A,"Pilbara, WA",2024-07-29,2024,7,3,G&A,80902.53,2.98,18.59,17.69,1503649.95,1503931.53,-281.58,-0.02
SiteA,Site A,"Pilbara, WA",2024-07-29,2024,7,3,Sustaining CapEx,80902.53,2.98,13.76,13.78,1113398.66,1171715.37,-58316.71,-4.98
SiteA,Site A,"Pilbara, WA",2024-08-28,2024,8,3,Mining,86676.85,3.04,66.62,66.81,5774423.13,5679094.69,95328.44,1.68
SiteA,Site A,"Pilbara, WA",2024-08-28,2024,8,3,Processing,86676.85,3.04,77.7,84.41,6734850.98,7174477.98,-439627.0,-6.13
SiteA,Site A,"Pilbara, WA",2024-08-28,2024,8,3,G&A,86676.85,3.04,18.5,18.1,1603170.71,1538418.52,64752.19,4.21
SiteA,Site A,"Pilbara, WA",2024-08-28,2024,8,3,Sustaining CapEx,86676.85,3.04,14.65,13.98,1269860.77,1188677.43,81183.34,6.83
SiteA,Site A,"Pilbara, WA",2024-09-27,2024,9,3,Mining,87900.13,2.54,70.13,68.17,6164260.78,5794167.29,370093.49,6.39
SiteA,Site A,"Pilbara, WA",2024-09-27,2024,9,3,Processing,87900.13,2.54,94.75,84.98,8328519.96,7223206.93,1105313.04,15.3
SiteA,Site A,"Pilbara, WA",2024-09-27,2024,9,3,G&A,87900.13,2.54,18.05,17.95,1586518.48,1525565.51,60952.97,4.0
SiteA,Site A,"Pilbara, WA",2024-09-27,2024,9,3,Sustaining CapEx,87900.13,2.54,13.2,13.78,1160519.4,1171335.63,-10816.23,-0.92
SiteA,Site A,"Pilbara, WA",2024-10-27,2024,10,4,Mining,86855.18,2.49,66.49,68.02,5774579.33,5781981.54,-7402.22,-0.13
SiteA,Site A,"Pilbara, WA",2024-10-27,2024,10,4,Processing,86855.18,2.49,98.09,84.15,8519233.51,7152545.45,1366688.06,19.11
SiteA,Site A,"Pilbara, WA",2024-10-27,2024,10,4,G&A,86855.18,2.49,17.81,18.18,1546580.46,1545639.73,940.73,0.06
SiteA,Site A,"Pilbara, WA",2024-10-27,2024,10,4,Sustaining CapEx,86855.18,2.49,13.54,13.76,1176399.66,1169864.24,6535.42,0.56
SiteA,Site A,"Pilbara, WA",2024-11-26,2024,11,4,Mining,80392.61,2.66,71.51,68.84,5748580.69,5851237.43,-102656.74,-1.75
SiteA,Site A,"Pilbara, WA",2024-11-26,2024,11,4,Processing,80392.61,2.66,90.01,86.26,7236384.47,7332352.11,-95967.64,-1.31
SiteA,Site A,"Pilbara, WA",2024-11-26,2024,11,4,G&A,80392.61,2.66,18.66,17.77,1499799.03,1510818.09,-11019.06,-0.73
SiteA,Site A,"Pilbara, WA",2024-11-26,2024,11,4,Sustaining CapEx,80392.61,2.66,14.66,14.02,1178515.39,1191872.69,-13357.3,-1.12
SiteA,Site A,"Pilbara, WA",2024-12-26,2024,12,4,Mining,90386.84,3.01,66.51,66.94,6012072.49,5689844.0,322228.49,5.66
SiteA,Site A,"Pilbara, WA",2024-12-26,2024,12,4,Processing,90386.84,3.01,77.67,84.75,7020607.56,7203934.15,-183326.6,-2.54
SiteA,Site A,"Pilbara, WA",2024-12-26,2024,12,4,G&A,90386.84,3.01,18.69,18.26,1689050.95,1552076.71,136974.24,8.83
SiteA,Site A,"Pilbara, WA",2024-12-26,2024,12,4,Sustaining CapEx,90386.84,3.01,13.17,14.01,1190546.52,1190511.57,34.95,0.0
SiteA,Site A,"Pilbara, WA",2025-01-25,2025,1,1,Mining,81220.67,2.74,70.09,67.56,5692752.39,5742456.63,-49704.23,-0.87
SiteA,Site A,"Pilbara, WA",2025-01-25,2025,1,1,Processing,81220.67,2.74,98.24,84.4,7979118.75,7173905.65,805213.1,11.22
SiteA,Site A,"Pilbara, WA",2025-01-25,2025,1,1,G&A,81220.67,2.74,19.48,18.15,1582490.04,1542424.76,40065.28,2.6
SiteA,Site A,"Pilbara, WA",2025-01-25,2025,1,1,Sustaining CapEx,81220.67,2.74,14.87,14.26,1207960.01,1212456.83,-4496.82,-0.37
SiteA,Site A,"Pilbara, WA",2025-02-24,2025,2,1,Mining,81624.24,3.11,73.42,67.46,5992504.87,5733963.07,258541.81,4.51
SiteA,Site A,"Pilbara, WA",2025-02-24,2025,2,1,Processing,81624.24,3.11,82.21,83.43,6710179.36,7091160.33,-380980.97,-5.37
SiteA,Site A,"Pilbara, WA",2025-02-24,2025,2,1,G&A,81624.24,3.11,19.7,18.0,1607637.69,1530163.96,77473.73,5.06
SiteA,Site A,"Pilbara, WA",2025-02-24,2025,2,1,Sustaining CapEx,81624.24,3.11,14.31,13.88,1167732.94,1179463.57,-11730.63,-0.99
SiteA,Site A,"Pilbara, WA",2025-03-26,2025,3,1,Mining,81458.04,3.07,70.31,67.97,5727358.05,5777561.48,-50203.43,-0.87
SiteA,Site A,"Pilbara, WA",2025-03-26,2025,3,1,Processing,81458.04,3.07,90.15,84.12,7343442.3,7150453.97,192988.33,2.7
SiteA,Site A,"Pilbara, WA",2025-03-26,2025,3,1,G&A,81458.04,3.07,19.84,18.19,1616254.44,1546011.12,70243.32,4.54
SiteA,Site A,"Pilbara, WA",2025-03-26,2025,3,1,Sustaining CapEx,81458.04,3.07,14.64,14.13,1192869.08,1200863.1,-7994.01,-0.67
SiteA,Site A,"Pilbara, WA",2025-04-25,2025,4,2,Mining,86799.36,2.71,69.09,68.1,5996933.23,5788271.11,208662.12,3.6
SiteA,Site A,"Pilbara, WA",2025-04-25,2025,4,2,Processing,86799.36,2.71,82.93,86.14,7198533.91,7321902.42,-123368.51,-1.68
SiteA,Site A,"Pilbara, WA",2025-04-25,2025,4,2,G&A,86799.36,2.71,17.61,17.77,1528787.13,1510814.93,17972.2,1.19
SiteA,Site A,"Pilbara, WA",2025-04-25,2025,4,2,Sustaining CapEx,86799.36,2.71,13.23,14.05,1148225.52,1194326.5,-46100.99,-3.86
SiteA,Site A,"Pilbara, WA",2025-05-25,2025,5,2,Mining,78425.59,2.92,68.1,67.26,5340679.41,5716765.82,-376086.41,-6.58
SiteA,Site A,"Pilbara, WA",2025-05-25,2025,5,2,Processing,78425.59,2.92,83.64,83.89,6559609.79,7130891.9,-571282.11,-8.01
SiteA,Site A,"Pilbara, WA",2025-05-25,2025,5,2,G&A,78425.59,2.92,18.41,17.92,1444005.42,1523068.2,-79062.79,-5.19
SiteA,Site A,"Pilbara, WA",2025-05-25,2025,5,2,Sustaining CapEx,78425.59,2.92,14.73,13.8,1155499.68,1172746.0,-17246.32,-1.47
SiteA,Site A,"Pilbara, WA",2025-06-24,2025,6,2,Mining,79743.24,2.69,71.47,69.03,5698890.5,5867240.86,-168350.35,-2.87
SiteA,Site A,"Pilbara, WA",2025-06-24,2025,6,2,Processing,79743.24,2.69,85.14,85.54,6789268.57,7271235.39,-481966.82,-6.63
SiteA,Site A,"Pilbara, WA",2025-06-24,2025,6,2,G&A,79743.24,2.69,18.69,18.04,1490018.38,1533378.29,-43359.91,-2.83
SiteA,Site A,"Pilbara, WA",2025-06-24,2025,6,2,Sustaining CapEx,79743.24,2.69,14.05,13.86,1120377.61,1177712.17,-57334.56,-4.87
SiteA,Site A,"Pilbara, WA",2025-07-24,2025,7,3,Mining,90402.13,2.53,71.27,68.36,6442726.09,5810773.06,631953.04,10.88
SiteA,Site A,"Pilbara, WA",2025-07-24,2025,7,3,Processing,90402.13,2.53,90.5,84.49,8181417.35,7181421.57,999995.78,13.92
SiteA,Site A,"Pilbara, WA",2025-07-24,2025,7,3,G&A,90402.13,2.53,18.49,18.29,1671360.47,1554303.15,117057.32,7.53
SiteA,Site A,"Pilbara, WA",2025-07-24,2025,7,3,Sustaining CapEx,90402.13,2.53,14.65,14.16,1324418.86,1203322.08,121096.78,10.06
SiteA,Site A,"Pilbara, WA",2025-08-23,2025,8,3,Mining,79344.3,2.9,65.24,69.08,5176334.31,5872145.73,-695811.41,-11.85
SiteA,Site A,"Pilbara, WA",2025-08-23,2025,8,3,Processing,79344.3,2.9,83.81,83.33,6649672.88,7083157.95,-433485.07,-6.12
SiteA,Site A,"Pilbara, WA",2025-08-23,2025,8,3,G&A,79344.3,2.9,17.14,18.12,1359896.18,1540006.31,-180110.12,-11.7
SiteA,Site A,"Pilbara, WA",2025-08-23,2025,8,3,Sustaining CapEx,79344.3,2.9,13.17,13.81,1044845.74,1173854.46,-129008.73,-10.99
SiteA,Site A,"Pilbara, WA",2025-09-22,2025,9,3,Mining,87609.77,2.83,69.24,67.25,6066101.14,5716251.06,349850.07,6.12
SiteA,Site A,"Pilbara, WA",2025-09-22,2025,9,3,Processing,87609.77,2.83,86.36,84.11,7565729.12,7149064.99,416664.13,5.83
SiteA,Site A,"Pilbara, WA",2025-09-22,2025,9,3,G&A,87609.77,2.83,17.62,18.18,1543935.09,1545085.27,-1150.19,-0.07
SiteA,Site A,"Pilbara, WA",2025-09-22,2025,9,3,Sustaining CapEx,87609.77,2.83,14.25,14.2,1248560.48,1206623.03,41937.44,3.48
SiteA,Site A,"Pilbara, WA",2025-10-22,2025,10,4,Mining,85929.0,2.91,64.68,67.64,5558264.42,5749415.89,-191151.47,-3.32
SiteA,Site A,"Pilbara, WA",2025-10-22,2025,10,4,Processing,85929.0,2.91,80.19,84.13,6890431.38,7151013.01,-260581.63,-3.64
SiteA,Site A,"Pilbara, WA",2025-10-22,2025,10,4,G&A,85929.0,2.91,19.02,17.92,1634515.84,1523457.58,111058.26,7.29
SiteA,Site A,"Pilbara, WA",2025-10-22,2025,10,4,Sustaining CapEx,85929.0,2.91,14.66,14.07,1259602.08,1196242.2,63359.88,5.3
SiteA,Site A,"Pilbara, WA",2025-11-21,2025,11,4,Mining,85035.86,3.0,68.63,67.98,5835801.82,5778270.09,57531.73,1.0
SiteA,Site A,"Pilbara, WA",2025-11-21,2025,11,4,Processing,85035.86,3.0,77.53,85.76,6593087.62,7289288.66,-696201.04,-9.55
SiteA,Site A,"Pilbara, WA",2025-11-21,2025,11,4,G&A,85035.86,3.0,17.53,17.66,1490378.38,1500888.14,-10509.75,-0.7
SiteA,Site A,"Pilbara, WA",2025-11-21,2025,11,4,Sustaining CapEx,85035.86,3.0,14.24,13.82,1211284.31,1174630.47,36653.84,3.12
SiteB,Site B,"Goldfields, WA",2024-01-01,2024,1,1,Mining,69720.86,2.32,88.43,77.59,6165679.03,5043668.18,1122010.84,22.25
SiteB,Site B,"Goldfields, WA",2024-01-01,2024,1,1,Processing,69720.86,2.32,91.99,99.68,6413328.61,6479135.57,-65806.96,-1.02
SiteB,Site B,"Goldfields, WA",2024-01-01,2024,1,1,G&A,69720.86,2.32,23.56,22.41,1642291.43,1456692.66,185598.77,12.74
SiteB,Site B,"Goldfields, WA",2024-01-01,2024,1,1,Sustaining CapEx,69720.86,2.32,13.68,12.17,953852.57,791013.9,162838.67,20.59
SiteB,Site B,"Goldfields, WA",2024-01-31,2024,1,1,Mining,63805.02,2.0,87.79,77.43,5601414.98,5032871.78,568543.19,11.3
SiteB,Site B,"Goldfields, WA",2024-01-31,2024,1,1,Processing,63805.02,2.0,105.84,98.22,6753148.15,6384472.96,368675.19,5.77
SiteB,Site B,"Goldfields, WA",2024-01-31,2024,1,1,G&A,63805.02,2.0,25.0,22.17,1595352.84,1441212.9,154139.94,10.7
SiteB,Site B,"Goldfields, WA",2024-01-31,2024,1,1,Sustaining CapEx,63805.02,2.0,13.07,11.81,833865.15,767431.91,66433.24,8.66
SiteB,Site B,"Goldfields, WA",2024-03-01,2024,3,1,Mining,70096.56,2.16,80.6,78.06,5649900.59,5073717.25,576183.34,11.36
SiteB,Site B,"Goldfields, WA",2024-03-01,2024,3,1,Processing,70096.56,2.16,108.25,98.94,7587894.71,6431347.84,1156546.87,17.98
SiteB,Site B,"Goldfields, WA",2024-03-01,2024,3,1,G&A,70096.56,2.16,24.32,22.18,1704869.7,1441582.09,263287.61,18.26
SiteB,Site B,"Goldfields, WA",2024-03-01,2024,3,1,Sustaining CapEx,70096.56,2.16,12.74,11.9,893133.96,773560.07,119573.9,15.46
SiteB,Site B,"Goldfields, WA",2024-03-31,2024,3,1,Mining,68225.18,2.26,87.95,79.29,6000449.59,5153805.18,846644.41,16.43
SiteB,Site B,"Goldfields, WA",2024-03-31,2024,3,1,Processing,68225.18,2.26,100.08,98.01,6828133.64,6370386.35,457747.29,7.19
SiteB,Site B,"Goldfields, WA",2024-03-31,2024,3,1,G&A,68225.18,2.26,24.61,22.13,1679055.72,1438577.94,240477.78,16.72
SiteB,Site B,"Goldfields, WA",2024-03-31,2024,3,1,Sustaining CapEx,68225.18,2.26,13.27,12.14,905627.78,789228.73,116399.05,14.75
SiteB,Site B,"Goldfields, WA",2024-04-30,2024,4,2,Mining,63315.15,2.3,76.84,76.73,4864848.42,4987659.54,-122811.12,-2.46
SiteB,Site B,"Goldfields, WA",2024-04-30,2024,4,2,Processing,63315.15,2.3,92.09,96.18,5830516.9,6251758.09,-421241.19,-6.74
SiteB,Site B,"Goldfields, WA",2024-04-30,2024,4,2,G&A,63315.15,2.3,21.91,22.04,1387182.93,1432439.27,-45256.34,-3.16
SiteB,Site B,"Goldfields, WA",2024-04-30,2024,4,2,Sustaining CapEx,63315.15,2.3,11.69,12.04,740319.95,782834.0,-42514.05,-5.43
SiteB,Site B,"Goldfields, WA",2024-05-30,2024,5,2,Mining,60188.42,1.86,81.02,77.56,4876438.27,5041646.66,-165208.39,-3.28
SiteB,Site B,"Goldfields, WA",2024-05-30,2024,5,2,Processing,60188.42,1.86,103.01,98.09,6199984.28,6375667.58,-175683.3,-2.76
SiteB,Site B,"Goldfields, WA",2024-05-30,2024,5,2,G&A,60188.42,1.86,22.71,21.75,1367046.55,1413744.96,-46698.41,-3.3
SiteB,Site B,"Goldfields, WA",2024-05-30,2024,5,2,Sustaining CapEx,60188.42,1.86,12.18,11.8,732912.13,767062.84,-34150.71,-4.45
SiteB,Site B,"Goldfields, WA",2024-06-29,2024,6,2,Mining,65326.09,1.87,78.38,78.43,5120281.31,5097870.78,22410.53,0.44
SiteB,Site B,"Goldfields, WA",2024-06-29,2024,6,2,Processing,65326.09,1.87,110.26,99.87,7202603.25,6491247.11,711356.14,10.96
SiteB,Site B,"Goldfields, WA",2024-06-29,2024,6,2,G&A,65326.09,1.87,22.04,21.84,1439985.11,1419873.11,20112.0,1.42
SiteB,Site B,"Goldfields, WA",2024-06-29,2024,6,2,Sustaining CapEx,65326.09,1.87,12.43,11.89,811681.1,772849.97,38831.13,5.02
SiteB,Site B,"Goldfields, WA",2024-07-29,2024,7,3,Mining,60615.95,2.07,73.56,79.44,4458744.32,5163825.1,-705080.78,-13.65
SiteB,Site B,"Goldfields, WA",2024-07-29,2024,7,3,Processing,60615.95,2.07,103.16,98.77,6253244.26,6419934.23,-166689.96,-2.6
SiteB,Site B,"Goldfields, WA",2024-07-29,2024,7,3,G&A,60615.95,2.07,21.76,21.71,1318980.91,1411312.44,-92331.52,-6.54
SiteB,Site B,"Goldfields, WA",2024-07-29,2024,7,3,Sustaining CapEx,60615.95,2.07,11.51,11.88,697402.79,772207.58,-74804.79,-9.69
SiteB,Site B,"Goldfields, WA",2024-08-28,2024,8,3,Mining,67231.8,2.12,79.5,77.31,5344890.76,5025370.59,319520.17,6.36
SiteB,Site B,"Goldfields, WA",2024-08-28,2024,8,3,Processing,67231.8,2.12,102.38,98.93,6883371.73,6430616.13,452755.6,7.04
SiteB,Site B,"Goldfields, WA",2024-08-28,2024,8,3,G&A,67231.8,2.12,22.14,22.1,1488746.95,1436390.43,52356.53,3.65
SiteB,Site B,"Goldfields, WA",2024-08-28,2024,8,3,Sustaining CapEx,67231.8,2.12,11.88,11.88,798997.75,772129.21,26868.54,3.48
SiteB,Site B,"Goldfields, WA",2024-09-27,2024,9,3,Mining,67681.6,2.03,73.45,76.8,4971533.15,4992139.53,-20606.38,-0.41
SiteB,Site B,"Goldfields, WA",2024-09-27,2024,9,3,Processing,67681.6,2.03,95.31,96.2,6450445.11,6252977.7,197467.41,3.16
SiteB,Site B,"Goldfields, WA",2024-09-27,2024,9,3,G&A,67681.6,2.03,22.94,22.18,1552508.68,1441649.23,110859.45,7.69
SiteB,Site B,"Goldfields, WA",2024-09-27,2024,9,3,Sustaining CapEx,67681.6,2.03,11.96,11.81,809662.14,767452.43,42209.71,5.5
SiteB,Site B,"Goldfields, WA",2024-10-27,2024,10,4,Mining,64724.11,2.1,74.94,77.79,4850500.23,5056585.11,-206084.88,-4.08
SiteB,Site B,"Goldfields, WA",2024-10-27,2024,10,4,Processing,64724.11,2.1,96.96,98.45,6275813.29,6399518.6,-123705.32,-1.93
SiteB,Site B,"Goldfields, WA",2024-10-27,2024,10,4,G&A,64724.11,2.1,22.36,21.6,1447014.01,1403991.39,43022.63,3.06
SiteB,Site B,"Goldfields, WA",2024-10-27,2024,10,4,Sustaining CapEx,64724.11,2.1,11.82,12.06,765002.83,783926.83,-18924.0,-2.41
SiteB,Site B,"Goldfields, WA",2024-11-26,2024,11,4,Mining,68707.49,2.1,79.49,76.95,5461240.77,5001643.1,459597.67,9.19
SiteB,Site B,"Goldfields, WA",2024-11-26,2024,11,4,Processing,68707.49,2.1,92.89,98.56,6382510.92,6406288.43,-23777.51,-0.37
SiteB,Site B,"Goldfields, WA",2024-11-26,2024,11,4,G&A,68707.49,2.1,20.75,22.08,1425679.81,1434906.36,-9226.55,-0.64
SiteB,Site B,"Goldfields, WA",2024-11-26,2024,11,4,Sustaining CapEx,68707.49,2.1,12.63,12.04,868045.78,782354.79,85690.99,10.95
SiteB,Site B,"Goldfields, WA",2024-12-26,2024,12,4,Mining,66490.2,2.04,77.61,78.14,5160254.16,5079251.08,81003.08,1.59
SiteB,Site B,"Goldfields, WA",2024-12-26,2024,12,4,Processing,66490.2,2.04,105.46,97.55,7012201.71,6340978.95,671222.75,10.59
SiteB,Site B,"Goldfields, WA",2024-12-26,2024,12,4,G&A,66490.2,2.04,23.22,22.36,1543739.02,1453186.06,90552.97,6.23
SiteB,Site B,"Goldfields, WA",2024-12-26,2024,12,4,Sustaining CapEx,66490.2,2.04,11.56,11.79,768755.62,766564.07,2191.55,0.29
SiteB,Site B,"Goldfields, WA",2025-01-25,2025,1,1,Mining,59989.51,1.9,80.14,78.57,4807577.39,5107113.77,-299536.39,-5.87
SiteB,Site B,"Goldfields, WA",2025-01-25,2025,1,1,Processing,59989.51,1.9,108.82,97.29,6527929.9,6323874.99,204054.91,3.23
SiteB,Site B,"Goldfields, WA",2025-01-25,2025,1,1,G&A,59989.51,1.9,24.74,21.58,1484338.88,1402731.15,81607.72,5.82
SiteB,Site B,"Goldfields, WA",2025-01-25,2025,1,1,Sustaining CapEx,59989.51,1.9,13.45,11.9,806802.56,773193.87,33608.69,4.35
SiteB,Site B,"Goldfields, WA",2025-02-24,2025,2,1,Mining,67046.07,1.91,85.54,79.18,5735352.34,5146551.32,588801.01,11.44
SiteB,Site B,"Goldfields, WA",2025-02-24,2025,2,1,Processing,67046.07,1.91,117.52,99.19,7879489.89,6447326.94,1432162.95,22.21
SiteB,Site B,"Goldfields, WA",2025-02-24,2025,2,1,G&A,67046.07,1.91,23.14,21.72,1551347.89,1411549.54,139798.35,9.9
SiteB,Site B,"Goldfields, WA",2025-02-24,2025,2,1,Sustaining CapEx,67046.07,1.91,13.35,12.15,895048.63,789573.24,105475.39,13.36
SiteB,Site B,"Goldfields, WA",2025-03-26,2025,3,1,Mining,64091.22,2.35,82.95,78.86,5316127.09,5126056.55,190070.54,3.71
SiteB,Site B,"Goldfields, WA",2025-03-26,2025,3,1,Processing,64091.22,2.35,94.97,99.69,6087020.24,6479756.97,-392736.72,-6.06
SiteB,Site B,"Goldfields, WA",2025-03-26,2025,3,1,G&A,64091.22,2.35,24.78,21.94,1588302.71,1425938.46,162364.25,11.39
SiteB,Site B,"Goldfields, WA",2025-03-26,2025,3,1,Sustaining CapEx,64091.22,2.35,13.35,12.12,855627.75,787941.74,67686.01,8.59
SiteB,Site B,"Goldfields, WA",2025-04-25,2025,4,2,Mining,69186.55,1.9,78.05,79.02,5399952.28,5136205.57,263746.71,5.14
SiteB,Site B,"Goldfields, WA",2025-04-25,2025,4,2,Processing,69186.55,1.9,103.88,99.55,7186940.82,6470779.32,716161.51,11.07
SiteB,Site B,"Goldfields, WA",2025-04-25,2025,4,2,G&A,69186.55,1.9,21.71,21.57,1501866.52,1402019.91,99846.6,7.12
SiteB,Site B,"Goldfields, WA",2025-04-25,2025,4,2,Sustaining CapEx,69186.55,1.9,12.58,11.8,870626.25,767248.14,103378.11,13.47
SiteB,Site B,"Goldfields, WA",2025-05-25,2025,5,2,Mining,69680.64,2.01,82.22,78.23,5728981.13,5084893.2,644087.93,12.67
SiteB,Site B,"Goldfields, WA",2025-05-25,2025,5,2,Processing,69680.64,2.01,103.14,97.8,7187172.7,6356863.92,830308.78,13.06
SiteB,Site B,"Goldfields, WA",2025-05-25,2025,5,2,G&A,69680.64,2.01,21.45,21.85,1494933.87,1420199.61,74734.26,5.26
SiteB,Site B,"Goldfields, WA",2025-05-25,2025,5,2,Sustaining CapEx,69680.64,2.01,12.25,12.12,853478.26,787874.09,65604.17,8.33
SiteB,Site B,"Goldfields, WA",2025-06-24,2025,6,2,Mining,68012.03,2.25,74.17,77.98,5044703.07,5068868.44,-24165.37,-0.48
SiteB,Site B,"Goldfields, WA",2025-06-24,2025,6,2,Processing,68012.03,2.25,87.91,98.19,5978867.95,6382619.96,-403752.01,-6.33
SiteB,Site B,"Goldfields, WA",2025-06-24,2025,6,2,G&A,68012.03,2.25,21.85,22.34,1485766.33,1452176.68,33589.65,2.31
SiteB,Site B,"Goldfields, WA",2025-06-24,2025,6,2,Sustaining CapEx,68012.03,2.25,11.79,11.82,801543.36,768052.49,33490.87,4.36
SiteB,Site B,"Goldfields, WA",2025-07-24,2025,7,3,Mining,67719.71,1.92,79.11,76.76,5357070.71,4989107.68,367963.03,7.38
SiteB,Site B,"Goldfields, WA",2025-07-24,2025,7,3,Processing,67719.71,1.92,100.03,98.79,6773753.47,6421206.93,352546.53,5.49
SiteB,Site B,"Goldfields, WA",2025-07-24,2025,7,3,G&A,67719.71,1.92,20.87,22.28,1413452.19,1448410.4,-34958.21,-2.41
SiteB,Site B,"Goldfields, WA",2025-07-24,2025,7,3,Sustaining CapEx,67719.71,1.92,12.3,11.8,832748.52,766938.08,65810.44,8.58
SiteB,Site B,"Goldfields, WA",2025-08-23,2025,8,3,Mining,70061.05,1.89,76.82,77.6,5382312.4,5043766.23,338546.18,6.71
SiteB,Site B,"Goldfields, WA",2025-08-23,2025,8,3,Processing,70061.05,1.89,110.58,99.75,7747695.09,6483958.94,1263736.15,19.49
SiteB,Site B,"Goldfields, WA",2025-08-23,2025,8,3,G&A,70061.05,1.89,23.28,22.22,1631234.46,1444493.23,186741.23,12.93
SiteB,Site B,"Goldfields, WA",2025-08-23,2025,8,3,Sustaining CapEx,70061.05,1.89,11.82,11.8,828248.71,767005.22,61243.48,7.98
SiteB,Site B,"Goldfields, WA",2025-09-22,2025,9,3,Mining,65607.4,2.24,77.29,79.27,5070843.38,5152408.67,-81565.29,-1.58
SiteB,Site B,"Goldfields, WA",2025-09-22,2025,9,3,Processing,65607.4,2.24,88.74,97.97,5821766.35,6368120.88,-546354.53,-8.58
SiteB,Site B,"Goldfields, WA",2025-09-22,2025,9,3,G&A,65607.4,2.24,20.71,21.97,1358727.61,1428207.39,-69479.78,-4.86
SiteB,Site B,"Goldfields, WA",2025-09-22,2025,9,3,Sustaining CapEx,65607.4,2.24,11.36,11.82,745370.75,768107.12,-22736.37,-2.96
SiteB,Site B,"Goldfields, WA",2025-10-22,2025,10,4,Mining,66551.79,1.91,80.3,78.26,5344306.84,5086907.19,257399.65,5.06
SiteB,Site B,"Goldfields, WA",2025-10-22,2025,10,4,Processing,66551.79,1.91,111.72,97.51,7434987.79,6338117.02,1096870.76,17.31
SiteB,Site B,"Goldfields, WA",2025-10-22,2025,10,4,G&A,66551.79,1.91,21.43,22.32,1426489.63,1451083.87,-24594.24,-1.69
SiteB,Site B,"Goldfields, WA",2025-10-22,2025,10,4,Sustaining CapEx,66551.79,1.91,11.6,12.22,772132.37,794452.54,-22320.17,-2.81
SiteB,Site B,"Goldfields, WA",2025-11-21,2025,11,4,Mining,69886.74,1.85,73.72,79.22,5152328.38,5149323.82,3004.56,0.06
SiteB,Site B,"Goldfields, WA",2025-11-21,2025,11,4,Processing,69886.74,1.85,108.63,99.93,7591475.3,6495607.43,1095867.87,16.87
SiteB,Site B,"Goldfields, WA",2025-11-21,2025,11,4,G&A,69886.74,1.85,20.87,22.05,1458873.32,1433080.47,25792.85,1.8
SiteB,Site B,"Goldfields, WA",2025-11-21,2025,11,4,Sustaining CapEx,69886.74,1.85,12.68,12.01,885870.03,780720.65,105149.38,13.47
SiteC,Site C,"Mid-West, WA",2024-01-01,2024,1,1,Mining,77348.98,2.58,77.34,72.37,5981846.63,5427552.55,554294.08,10.21
SiteC,Site C,"Mid-West, WA",2024-01-01,2024,1,1,Processing,77348.98,2.58,97.94,93.48,7575520.78,7010719.61,564801.16,8.06
SiteC,Site C,"Mid-West, WA",2024-01-01,2024,1,1,G&A,77348.98,2.58,19.4,18.83,1500624.99,1412514.9,88110.09,6.24
SiteC,Site C,"Mid-West, WA",2024-01-01,2024,1,1,Sustaining CapEx,77348.98,2.58,13.66,12.19,1056624.25,914049.5,142574.75,15.6
SiteC,Site C,"Mid-West, WA",2024-01-31,2024,1,1,Mining,76441.59,2.47,75.68,71.1,5785305.96,5332634.17,452671.79,8.49
SiteC,Site C,"Mid-West, WA",2024-01-31,2024,1,1,Processing,76441.59,2.47,99.78,91.46,7627156.47,6859525.21,767631.26,11.19
SiteC,Site C,"Mid-West, WA",2024-01-31,2024,1,1,G&A,76441.59,2.47,20.73,18.68,1584328.02,1400930.87,183397.15,13.09
SiteC,Site C,"Mid-West, WA",2024-01-31,2024,1,1,Sustaining CapEx,76441.59,2.47,13.7,12.23,1047080.01,917503.59,129576.42,14.12
SiteC,Site C,"Mid-West, WA",2024-03-01,2024,3,1,Mining,75433.16,2.62,75.98,72.9,5731612.18,5467779.72,263832.46,4.83
SiteC,Site C,"Mid-West, WA",2024-03-01,2024,3,1,Processing,75433.16,2.62,97.86,90.76,7381647.51,6806882.28,574765.23,8.44
SiteC,Site C,"Mid-West, WA",2024-03-01,2024,3,1,G&A,75433.16,2.62,21.53,19.25,1624216.7,1443384.62,180832.08,12.53
SiteC,Site C,"Mid-West, WA",2024-03-01,2024,3,1,Sustaining CapEx,75433.16,2.62,13.66,12.11,1030381.37,908125.9,122255.47,13.46
SiteC,Site C,"Mid-West, WA",2024-03-31,2024,3,1,Mining,74018.92,2.57,81.8,73.05,6054590.15,5479069.8,575520.35,10.5
SiteC,Site C,"Mid-West, WA",2024-03-31,2024,3,1,Processing,74018.92,2.57,91.94,90.26,6805363.14,6769277.28,36085.85,0.53
SiteC,Site C,"Mid-West, WA",2024-03-31,2024,3,1,G&A,74018.92,2.57,20.22,19.24,1496351.86,1442701.54,53650.32,3.72
SiteC,Site C,"Mid-West, WA",2024-03-31,2024,3,1,Sustaining CapEx,74018.92,2.57,13.72,11.83,1015377.57,887415.01,127962.56,14.42
SiteC,Site C,"Mid-West, WA",2024-04-30,2024,4,2,Mining,73570.69,2.56,76.06,72.99,5595791.15,5473897.69,121893.46,2.23
SiteC,Site C,"Mid-West, WA",2024-04-30,2024,4,2,Processing,73570.69,2.56,94.04,91.88,6918541.47,6891359.31,27182.16,0.39
SiteC,Site C,"Mid-West, WA",2024-04-30,2024,4,2,G&A,73570.69,2.56,18.81,18.83,1383554.84,1412084.2,-28529.36,-2.02
SiteC,Site C,"Mid-West, WA",2024-04-30,2024,4,2,Sustaining CapEx,73570.69,2.56,11.36,12.18,835849.91,913130.01,-77280.1,-8.46
SiteC,Site C,"Mid-West, WA",2024-05-30,2024,5,2,Mining,80996.61,2.69,76.29,72.16,6179307.86,5411973.25,767334.61,14.18
SiteC,Site C,"Mid-West, WA",2024-05-30,2024,5,2,Processing,80996.61,2.69,89.62,93.64,7259282.27,7022755.34,236526.93,3.37
SiteC,Site C,"Mid-West, WA",2024-05-30,2024,5,2,G&A,80996.61,2.69,19.8,18.81,1603505.81,1410598.84,192906.97,13.68
SiteC,Site C,"Mid-West, WA",2024-05-30,2024,5,2,Sustaining CapEx,80996.61,2.69,11.93,11.82,966191.05,886649.74,79541.32,8.97
SiteC,Site C,"Mid-West, WA",2024-06-29,2024,6,2,Mining,76274.1,2.77,69.66,72.49,5312908.27,5437087.35,-124179.08,-2.28
SiteC,Site C,"Mid-West, WA",2024-06-29,2024,6,2,Processing,76274.1,2.77,85.89,91.48,6551510.17,6860852.91,-309342.74,-4.51
SiteC,Site C,"Mid-West, WA",2024-06-29,2024,6,2,G&A,76274.1,2.77,18.12,19.13,1382003.57,1434779.67,-52776.1,-3.68
SiteC,Site C,"Mid-West, WA",2024-06-29,2024,6,2,Sustaining CapEx,76274.1,2.77,12.03,12.13,917519.64,909803.46,7716.18,0.85
SiteC,Site C,"Mid-West, WA",2024-07-29,2024,7,3,Mining,79226.18,2.51,72.45,72.18,5739815.78,5413162.6,326653.18,6.03
SiteC,Site C,"Mid-West, WA",2024-07-29,2024,7,3,Processing,79226.18,2.51,95.79,91.64,7588885.73,6873361.27,715524.45,10.41
SiteC,Site C,"Mid-West, WA",2024-07-29,2024,7,3,G&A,79226.18,2.51,18.17,18.64,1439187.47,1398140.61,41046.86,2.94
SiteC,Site C,"Mid-West, WA",2024-07-29,2024,7,3,Sustaining CapEx,79226.18,2.51,12.37,12.06,979821.65,904331.14,75490.5,8.35
SiteC,Site C,"Mid-West, WA",2024-08-28,2024,8,3,Mining,71555.57,2.62,68.86,70.6,4927191.29,5295141.65,-367950.36,-6.95
SiteC,Site C,"Mid-West, WA",2024-08-28,2024,8,3,Processing,71555.57,2.62,86.96,92.33,6222436.29,6924817.28,-702381.0,-10.14
SiteC,Site C,"Mid-West, WA",2024-08-28,2024,8,3,G&A,71555.57,2.62,18.75,18.95,1341975.8,1421436.07,-79460.27,-5.59
SiteC,Site C,"Mid-West, WA",2024-08-28,2024,8,3,Sustaining CapEx,71555.57,2.62,12.58,11.93,900311.36,894537.2,5774.16,0.65
SiteC,Site C,"Mid-West, WA",2024-09-27,2024,9,3,Mining,78403.84,2.51,71.11,72.35,5574993.34,5426370.73,148622.61,2.74
SiteC,Site C,"Mid-West, WA",2024-09-27,2024,9,3,Processing,78403.84,2.51,95.74,93.65,7506651.14,7024067.69,482583.45,6.87
SiteC,Site C,"Mid-West, WA",2024-09-27,2024,9,3,G&A,78403.84,2.51,18.2,19.32,1426583.48,1449315.49,-22732.02,-1.57
SiteC,Site C,"Mid-West, WA",2024-09-27,2024,9,3,Sustaining CapEx,78403.84,2.51,11.99,11.88,939955.95,891296.8,48659.15,5.46
SiteC,Site C,"Mid-West, WA",2024-10-27,2024,10,4,Mining,80760.39,2.48,71.94,71.51,5809597.27,5363010.35,446586.93,8.33
SiteC,Site C,"Mid-West, WA",2024-10-27,2024,10,4,Processing,80760.39,2.48,94.21,91.04,7608651.22,6828280.19,780371.03,11.43
SiteC,Site C,"Mid-West, WA",2024-10-27,2024,10,4,G&A,80760.39,2.48,18.03,18.72,1456349.58,1403846.14,52503.43,3.74
SiteC,Site C,"Mid-West, WA",2024-10-27,2024,10,4,Sustaining CapEx,80760.39,2.48,11.46,11.83,925868.3,887468.5,38399.8,4.33
SiteC,Site C,"Mid-West, WA",2024-11-26,2024,11,4,Mining,76690.5,2.28,69.25,71.56,5310927.65,5366664.13,-55736.48,-1.04
SiteC,Site C,"Mid-West, WA",2024-11-26,2024,11,4,Processing,76690.5,2.28,103.63,91.9,7947547.16,6892813.41,1054733.74,15.3
SiteC,Site C,"Mid-West, WA",2024-11-26,2024,11,4,G&A,76690.5,2.28,19.38,18.75,1486417.64,1406322.23,80095.41,5.7
SiteC,Site C,"Mid-West, WA",2024-11-26,2024,11,4,Sustaining CapEx,76690.5,2.28,11.56,11.78,886304.11,883471.27,2832.84,0.32
SiteC,Site C,"Mid-West, WA",2024-12-26,2024,12,4,Mining,72343.08,2.3,69.21,70.82,5006819.31,5311159.75,-304340.43,-5.73
SiteC,Site C,"Mid-West, WA",2024-12-26,2024,12,4,Processing,72343.08,2.3,93.82,91.86,6787568.1,6889174.94,-101606.84,-1.47
SiteC,Site C,"Mid-West, WA",2024-12-26,2024,12,4,G&A,72343.08,2.3,18.33,18.9,1326080.63,1417263.38,-91182.76,-6.43
SiteC,Site C,"Mid-West, WA",2024-12-26,2024,12,4,Sustaining CapEx,72343.08,2.3,12.0,12.09,868473.0,906854.21,-38381.21,-4.23
SiteC,Site C,"Mid-West, WA",2025-01-25,2025,1,1,Mining,78592.92,2.22,78.95,70.8,6205183.67,5309659.95,895523.72,16.87
SiteC,Site C,"Mid-West, WA",2025-01-25,2025,1,1,Processing,78592.92,2.22,114.02,93.55,8960847.67,7016160.78,1944686.88,27.72
SiteC,Site C,"Mid-West, WA",2025-01-25,2025,1,1,G&A,78592.92,2.22,19.44,18.83,1527783.46,1412282.03,115501.43,8.18
SiteC,Site C,"Mid-West, WA",2025-01-25,2025,1,1,Sustaining CapEx,78592.92,2.22,13.44,12.12,1055990.59,908937.35,147053.24,16.18
SiteC,Site C,"Mid-West, WA",2025-02-24,2025,2,1,Mining,71512.19,2.31,76.55,71.96,5474354.78,5396656.96,77697.81,1.44
SiteC,Site C,"Mid-West, WA",2025-02-24,2025,2,1,Processing,71512.19,2.31,107.32,91.52,7674790.0,6863820.16,810969.83,11.82
SiteC,Site C,"Mid-West, WA",2025-02-24,2025,2,1,G&A,71512.19,2.31,20.43,19.19,1460832.85,1439105.84,21727.01,1.51
SiteC,Site C,"Mid-West, WA",2025-02-24,2025,2,1,Sustaining CapEx,71512.19,2.31,12.24,11.88,875269.88,891087.73,-15817.85,-1.78
SiteC,Site C,"Mid-West, WA",2025-03-26,2025,3,1,Mining,79742.48,2.63,77.87,72.09,6209464.51,5406936.51,802528.0,14.84
SiteC,Site C,"Mid-West, WA",2025-03-26,2025,3,1,Processing,79742.48,2.63,90.97,91.81,7254060.1,6885485.81,368574.29,5.35
SiteC,Site C,"Mid-West, WA",2025-03-26,2025,3,1,G&A,79742.48,2.63,20.6,18.8,1642720.39,1410320.82,232399.57,16.48
SiteC,Site C,"Mid-West, WA",2025-03-26,2025,3,1,Sustaining CapEx,79742.48,2.63,12.6,11.94,1004845.15,895582.23,109262.92,12.2
SiteC,Site C,"Mid-West, WA",2025-04-25,2025,4,2,Mining,72864.95,2.21,69.51,71.5,5064617.58,5362739.43,-298121.85,-5.56
SiteC,Site C,"Mid-West, WA",2025-04-25,2025,4,2,Processing,72864.95,2.21,96.83,93.44,7055716.77,7007785.53,47931.24,0.68
SiteC,Site C,"Mid-West, WA",2025-04-25,2025,4,2,G&A,72864.95,2.21,19.21,19.14,1399982.76,1435208.83,-35226.07,-2.45
SiteC,Site C,"Mid-West, WA",2025-04-25,2025,4,2,Sustaining CapEx,72864.95,2.21,12.42,12.0,904720.84,899943.92,4776.93,0.53
SiteC,Site C,"Mid-West, WA",2025-05-25,2025,5,2,Mining,75445.28,2.25,72.75,72.71,5488667.19,5453014.93,35652.27,0.65
SiteC,Site C,"Mid-West, WA",2025-05-25,2025,5,2,Processing,75445.28,2.25,99.19,90.63,7483718.53,6797212.16,686506.37,10.1
SiteC,Site C,"Mid-West, WA",2025-05-25,2025,5,2,G&A,75445.28,2.25,18.51,18.9,1396266.45,1417195.69,-20929.24,-1.48
SiteC,Site C,"Mid-West, WA",2025-05-25,2025,5,2,Sustaining CapEx,75445.28,2.25,12.21,12.03,921195.97,902548.02,18647.95,2.07
SiteC,Site C,"Mid-West, WA",2025-06-24,2025,6,2,Mining,80838.18,2.41,72.91,71.24,5894226.74,5343240.99,550985.75,10.31
SiteC,Site C,"Mid-West, WA",2025-06-24,2025,6,2,Processing,80838.18,2.41,90.1,90.72,7283670.67,6804189.12,479481.55,7.05
SiteC,Site C,"Mid-West, WA",2025-06-24,2025,6,2,G&A,80838.18,2.41,18.42,18.74,1489102.68,1405658.84,83443.84,5.94
SiteC,Site C,"Mid-West, WA",2025-06-24,2025,6,2,Sustaining CapEx,80838.18,2.41,11.55,11.9,933572.41,892263.43,41308.98,4.63
SiteC,Site C,"Mid-West, WA",2025-07-24,2025,7,3,Mining,79761.19,2.3,68.37,72.07,5453529.02,5405294.46,48234.56,0.89
SiteC,Site C,"Mid-West, WA",2025-07-24,2025,7,3,Processing,79761.19,2.3,97.15,93.78,7749020.74,7033136.5,715884.25,10.18
SiteC,Site C,"Mid-West, WA",2025-07-24,2025,7,3,G&A,79761.19,2.3,18.12,18.92,1444909.66,1419177.77,25731.89,1.81
SiteC,Site C,"Mid-West, WA",2025-07-24,2025,7,3,Sustaining CapEx,79761.19,2.3,12.68,12.18,1011055.77,913158.26,97897.51,10.72
SiteC,Site C,"Mid-West, WA",2025-08-23,2025,8,3,Mining,72094.83,2.69,69.16,72.49,4985824.13,5436426.94,-450602.81,-8.29
SiteC,Site C,"Mid-West, WA",2025-08-23,2025,8,3,Processing,72094.83,2.69,91.23,92.21,6577038.62,6915666.56,-338627.94,-4.9
SiteC,Site C,"Mid-West, WA",2025-08-23,2025,8,3,G&A,72094.83,2.69,19.16,18.83,1381573.27,1412458.81,-30885.54,-2.19
SiteC,Site C,"Mid-West, WA",2025-08-23,2025,8,3,Sustaining CapEx,72094.83,2.69,12.39,11.85,893115.84,888733.57,4382.26,0.49
SiteC,Site C,"Mid-West, WA",2025-09-22,2025,9,3,Mining,74105.24,2.39,72.07,71.26,5340449.77,5344360.5,-3910.73,-0.07
SiteC,Site C,"Mid-West, WA",2025-09-22,2025,9,3,Processing,74105.24,2.39,90.84,92.41,6731435.72,6930531.13,-199095.41,-2.87
SiteC,Site C,"Mid-West, WA",2025-09-22,2025,9,3,G&A,74105.24,2.39,18.52,19.06,1372286.54,1429630.58,-57344.04,-4.01
SiteC,Site C,"Mid-West, WA",2025-09-22,2025,9,3,Sustaining CapEx,74105.24,2.39,11.5,11.99,852379.36,899321.04,-46941.68,-5.22
SiteC,Site C,"Mid-West, WA",2025-10-22,2025,10,4,Mining,69621.88,2.52,70.59,70.95,4914487.61,5321033.57,-406545.96,-7.64
SiteC,Site C,"Mid-West, WA",2025-10-22,2025,10,4,Processing,69621.88,2.52,86.64,93.8,6031898.82,7035229.02,-1003330.2,-14.26
SiteC,Site C,"Mid-West, WA",2025-10-22,2025,10,4,G&A,69621.88,2.52,18.59,19.24,1294616.59,1442662.84,-148046.25,-10.26
SiteC,Site C,"Mid-West, WA",2025-10-22,2025,10,4,Sustaining CapEx,69621.88,2.52,11.65,12.09,810863.96,906534.1,-95670.14,-10.55
SiteC,Site C,"Mid-West, WA",2025-11-21,2025,11,4,Mining,76147.66,2.66,71.75,71.75,5463931.4,5380957.64,82973.76,1.54
SiteC,Site C,"Mid-West, WA",2025-11-21,2025,11,4,Processing,76147.66,2.66,86.06,93.58,6553110.72,7018550.04,-465439.32,-6.63
SiteC,Site C,"Mid-West, WA",2025-11-21,2025,11,4,G&A,76147.66,2.66,19.75,19.35,1504206.68,1451506.53,52700.14,3.63
SiteC,Site C,"Mid-West, WA",2025-11-21,2025,11,4,Sustaining CapEx,76147.66,2.66,11.46,12.11,872575.18,908311.23,-35736.05,-3.93
